epoch,step,train_loss_epoch,train_loss_step,val_MAE,val_MAPE,val_RMSE,val_SMAPE,val_loss
0,49,,30.08681869506836,,,,,
0,99,,24.961515426635742,,,,,
0,99,,,32.675872802734375,0.019430719316005707,39.989952087402344,0.01951867900788784,21.625293731689453
0,99,42.02934265136719,,,,,,
1,149,,29.146814346313477,,,,,
1,199,,26.869394302368164,,,,,
1,199,,,31.703170776367188,0.019508028402924538,39.5258903503418,0.019417110830545425,21.167776107788086
